{
  "data" : [
    {
      "text" : "Bla bla bla ",
      "entities" : [
        {
          "entity" : "intent",
          "value" : "\"out_of_scope\""
        }
      ]
    },
    {
      "text" : "Hello!",
      "entities" : [
        {
          "entity" : "intent",
          "value" : "\"greeting\""
        }
      ]
    },
    {
      "text" : "Hi",
      "entities" : [
        {
          "entity" : "intent",
          "value" : "\"greeting\""
        }
      ]
    },
    {
      "text" : "Hola",
      "entities" : [
        {
          "entity" : "intent",
          "value" : "\"greeting\""
        }
      ]
    },
    {
      "text" : "Howdy",
      "entities" : [
        {
          "entity" : "intent",
          "value" : "\"greeting\""
        }
      ]
    },
    {
      "text" : "I like bla blah",
      "entities" : [
        {
          "entity" : "intent",
          "value" : "\"out_of_scope\""
        }
      ]
    },
    {
      "text" : "I like sushi",
      "entities" : [
        {
          "entity" : "intent",
          "value" : "\"out_of_scope\""
        }
      ]
    },
    {
      "text" : "I want the weather",
      "entities" : [
        {
          "entity" : "intent",
          "value" : "\"weather\""
        }
      ]
    },
    {
      "text" : "I want the weather in Paris instead",
      "entities" : [
        {
          "entity" : "intent",
          "value" : "\"weather\""
        },
        {
          "entity" : "location",
          "value" : "\"Paris\"",
          "start" : 22,
          "end" : 27
        }
      ]
    },
    {
      "text" : "I want the weather in Toronto please",
      "entities" : [
        {
          "entity" : "intent",
          "value" : "\"weather\""
        },
        {
          "entity" : "location",
          "value" : "\"Toronto\"",
          "start" : 22,
          "end" : 29
        }
      ]
    },
    {
      "text" : "I want the weather in Toronto!",
      "entities" : [
        {
          "entity" : "intent",
          "value" : "\"weather\""
        },
        {
          "entity" : "location",
          "value" : "\"Toronto\"",
          "start" : 22,
          "end" : 29
        }
      ]
    },
    {
      "text" : "I want the weather in toronto",
      "entities" : [
        {
          "entity" : "intent",
          "value" : "\"weather\""
        },
        {
          "entity" : "location",
          "value" : "\"toronto\"",
          "start" : 22,
          "end" : 29
        }
      ]
    },
    {
      "text" : "In SF",
      "entities" : [
        {
          "entity" : "location",
          "value" : "\"SF\"",
          "start" : 3,
          "end" : 5
        }
      ]
    },
    {
      "text" : "In SF!",
      "entities" : [
        {
          "entity" : "location",
          "value" : "\"SF\"",
          "start" : 3,
          "end" : 5
        }
      ]
    },
    {
      "text" : "In San Francisco please",
      "entities" : [
        {
          "entity" : "location",
          "value" : "\"San Francisco\"",
          "start" : 3,
          "end" : 16
        }
      ]
    },
    {
      "text" : "In Toronto",
      "entities" : [
        {
          "entity" : "intent",
          "value" : "\"weather\""
        },
        {
          "entity" : "location",
          "value" : "\"Toronto\"",
          "start" : 3,
          "end" : 10
        }
      ]
    },
    {
      "text" : "In Toronto please",
      "entities" : [
        {
          "entity" : "intent",
          "value" : "\"weather\""
        },
        {
          "entity" : "location",
          "value" : "\"Toronto\"",
          "start" : 3,
          "end" : 10
        }
      ]
    },
    {
      "text" : "Not telling you",
      "entities" : [
        {
          "entity" : "intent",
          "value" : "\"out_of_scope\""
        }
      ]
    },
    {
      "text" : "Paris",
      "entities" : [
        {
          "entity" : "location",
          "value" : "\"Paris\"",
          "start" : 0,
          "end" : 5
        }
      ]
    },
    {
      "text" : "SF",
      "entities" : [
        {
          "entity" : "location",
          "value" : "\"SF\"",
          "start" : 0,
          "end" : 2
        }
      ]
    },
    {
      "text" : "Thank you!",
      "entities" : [
        {
          "entity" : "intent",
          "value" : "\"thank_you\""
        }
      ]
    },
    {
      "text" : "Thanks!",
      "entities" : [
        {
          "entity" : "intent",
          "value" : "\"thank_you\""
        }
      ]
    },
    {
      "text" : "The weather in somewhere else?",
      "entities" : [
        {
          "entity" : "intent",
          "value" : "\"weather\""
        }
      ]
    },
    {
      "text" : "What is the weather in Paris?",
      "entities" : [
        {
          "entity" : "intent",
          "value" : "\"weather\""
        },
        {
          "entity" : "location",
          "value" : "\"Paris\"",
          "start" : 23,
          "end" : 28
        }
      ]
    },
    {
      "text" : "What's the weather in Paris",
      "entities" : [
        {
          "entity" : "intent",
          "value" : "\"weather\""
        },
        {
          "entity" : "location",
          "value" : "\"Paris\"",
          "start" : 22,
          "end" : 27
        }
      ]
    },
    {
      "text" : "Where is the weather in San Francisco?",
      "entities" : [
        {
          "entity" : "intent",
          "value" : "\"weather\""
        },
        {
          "entity" : "location",
          "value" : "\"San Francisco\"",
          "start" : 24,
          "end" : 37
        }
      ]
    },
    {
      "text" : "Why hello there!",
      "entities" : [
        {
          "entity" : "intent",
          "value" : "\"greeting\""
        }
      ]
    },
    {
      "text" : "and in Rome?",
      "entities" : [
        {
          "entity" : "location",
          "value" : "\"Rome\"",
          "start" : 7,
          "end" : 11
        }
      ]
    },
    {
      "text" : "asdasdsad",
      "entities" : [
        {
          "entity" : "intent",
          "value" : "\"out_of_scope\""
        }
      ]
    },
    {
      "text" : "blah blah",
      "entities" : [
        {
          "entity" : "intent",
          "value" : "\"out_of_scope\""
        }
      ]
    },
    {
      "text" : "blahdas dasd asdas ",
      "entities" : [
        {
          "entity" : "intent",
          "value" : "\"out_of_scope\""
        }
      ]
    },
    {
      "text" : "chacal ",
      "entities" : [
        {
          "entity" : "intent",
          "value" : "\"out_of_scope\""
        }
      ]
    },
    {
      "text" : "do you love me?",
      "entities" : [
        {
          "entity" : "intent",
          "value" : "\"out_of_scope\""
        }
      ]
    },
    {
      "text" : "dude",
      "entities" : [
        {
          "entity" : "intent",
          "value" : "\"out_of_scope\""
        }
      ]
    },
    {
      "text" : "great, thanks!",
      "entities" : [
        {
          "entity" : "intent",
          "value" : "\"thank_you\""
        }
      ]
    },
    {
      "text" : "hhi",
      "entities" : [
        {
          "entity" : "intent",
          "value" : "\"greeting\""
        }
      ]
    },
    {
      "text" : "hi there!",
      "entities" : [
        {
          "entity" : "intent",
          "value" : "\"greeting\""
        }
      ]
    },
    {
      "text" : "hi, i want the weather in Toronto",
      "entities" : [
        {
          "entity" : "intent",
          "value" : "\"weather\""
        },
        {
          "entity" : "location",
          "value" : "\"Toronto\"",
          "start" : 26,
          "end" : 33
        }
      ]
    },
    {
      "text" : "hi, i want the weather in paris",
      "entities" : [
        {
          "entity" : "intent",
          "value" : "\"weather\""
        },
        {
          "entity" : "location",
          "value" : "\"paris\"",
          "start" : 26,
          "end" : 31
        }
      ]
    },
    {
      "text" : "hi, i want the weather in toronto",
      "entities" : [
        {
          "entity" : "intent",
          "value" : "\"weather\""
        },
        {
          "entity" : "location",
          "value" : "\"toronto\"",
          "start" : 26,
          "end" : 33
        }
      ]
    },
    {
      "text" : "i like sushi",
      "entities" : [
        {
          "entity" : "intent",
          "value" : "\"out_of_scope\""
        }
      ]
    },
    {
      "text" : "in Blahsdsd"
    },
    {
      "text" : "in Paris!",
      "entities" : [
        {
          "entity" : "location",
          "value" : "\"Paris\"",
          "start" : 3,
          "end" : 8
        }
      ]
    },
    {
      "text" : "in SF",
      "entities" : [
        {
          "entity" : "location",
          "value" : "\"SF\"",
          "start" : 3,
          "end" : 5
        }
      ]
    },
    {
      "text" : "in Toronto",
      "entities" : [
        {
          "entity" : "intent",
          "value" : "\"weather\""
        },
        {
          "entity" : "location",
          "value" : "\"Toronto\"",
          "start" : 3,
          "end" : 10
        }
      ]
    },
    {
      "text" : "in Toronto please!",
      "entities" : [
        {
          "entity" : "intent",
          "value" : "\"weather\""
        },
        {
          "entity" : "location",
          "value" : "\"Toronto\"",
          "start" : 3,
          "end" : 10
        }
      ]
    },
    {
      "text" : "in your mom",
      "entities" : [
        {
          "entity" : "intent",
          "value" : "\"out_of_scope\""
        }
      ]
    },
    {
      "text" : "rome",
      "entities" : [
        {
          "entity" : "location",
          "value" : "\"rome\"",
          "start" : 0,
          "end" : 4
        }
      ]
    },
    {
      "text" : "thanks man",
      "entities" : [
        {
          "entity" : "intent",
          "value" : "\"thank_you\""
        }
      ]
    },
    {
      "text" : "thx",
      "entities" : [
        {
          "entity" : "intent",
          "value" : "\"thank_you\""
        }
      ]
    },
    {
      "text" : "what about NY",
      "entities" : [
        {
          "entity" : "location",
          "value" : "\"NY\"",
          "start" : 11,
          "end" : 13
        }
      ]
    },
    {
      "text" : "what is the weather in new york?",
      "entities" : [
        {
          "entity" : "intent",
          "value" : "\"weather\""
        },
        {
          "entity" : "location",
          "value" : "\"new york\"",
          "start" : 23,
          "end" : 31
        }
      ]
    },
    {
      "text" : "what's the weather",
      "entities" : [
        {
          "entity" : "intent",
          "value" : "\"weather\""
        }
      ]
    },
    {
      "text" : "what's the weather in SF",
      "entities" : [
        {
          "entity" : "intent",
          "value" : "\"weather\""
        },
        {
          "entity" : "location",
          "value" : "\"SF\"",
          "start" : 22,
          "end" : 24
        }
      ]
    },
    {
      "text" : "what's the weather in San Francisco?",
      "entities" : [
        {
          "entity" : "intent",
          "value" : "\"weather\""
        },
        {
          "entity" : "location",
          "value" : "\"San Francisco\"",
          "start" : 22,
          "end" : 35
        }
      ]
    },
    {
      "text" : "what's your mom",
      "entities" : [
        {
          "entity" : "intent",
          "value" : "\"out_of_scope\""
        }
      ]
    },
    {
      "text" : "yo",
      "entities" : [
        {
          "entity" : "intent",
          "value" : "\"greeting\""
        }
      ]
    },
    {
      "text" : "yo!",
      "entities" : [
        {
          "entity" : "intent",
          "value" : "\"greeting\""
        }
      ]
    }
  ]
}